SteamId,Username,Time,ZeepkistId,ColorId,HatId
76561199230094250,[RTR]Fwogiie.Kawaii,57.54861,3009,1008,10001
76561199137807850,CDAW,59.22768,39002,1003,2022
76561198965056659,zivecef,61.15162,3005,3003,23012
76561199180150756,GearworkDragon,62.00202,9000,1000,30003
76561199005549942,3rdseyeview,63.52525,11000,1006,29000
76561198003528539,Orange Sheets,64.57429,23000,1002,28000
