SteamId,Username,Time,ZeepkistId,ColorId,HatId
76561199230094250,[RTR]Fwogiie.Kawaii,71.69075,3009,1008,10001
76561199137807850,CDAW,72.89835,39002,1003,2022
76561198003528539,Orange Sheets,77.79094,23000,1002,28000
76561198111798230,engineer_cat,89.68349,26000000,1000,2019
