SteamId,Username,Time,ZeepkistId,ColorId,HatId
76561199230094250,[RTR]Fwogiie.Kawaii,46.94447,3009,1008,10001
76561199137807850,CDAW,49.05998,39002,1003,2022
76561198003528539,Orange Sheets,51.80526,23000,1002,28000
76561198157974402,Noobs'R Us,54.10831,49000004,2001,49000013
