SteamId,Username,Time,ZeepkistId,ColorId,HatId
76561199230094250,[RTR]Fwogiie.Kawaii,46.11894,3009,1008,10001
76561199005549942,3rdseyeview,46.33353,11000,1006,29000
76561198965056659,zivecef,46.46153,3005,3003,23012
76561199137807850,CDAW,46.55495,39002,1003,2022
76561198072912743,Lynhardt,46.63213,6000,1005,22004
76561199037764026,laurin,46.75211,1000,1000,1000
76561198003528539,Orange Sheets,47.24,23000,1002,28000
76561198849467649,robertsns,48.04353,3000,1000,23011
