SteamId,Username,Time,ZeepkistId,ColorId,HatId
76561199230094250,[RTR]Fwogiie.Kawaii,58.79801,3009,1008,10001
76561199137807850,CDAW,61.67067,39002,1003,2022
76561198003528539,Orange Sheets,62.37962,23000,1002,28000
