SteamId,Username,Time,ZeepkistId,ColorId,HatId
76561199230094250,[RTR]Fwogiie.Kawaii,31.52793,3009,1008,10001
76561198003528539,Orange Sheets,33.06569,23000,1002,28000
76561199137807850,CDAW,33.24062,39002,1003,2022
76561198157974402,Noobs'R Us,33.58675,49000004,2001,49000013
