SteamId,Username,Time,ZeepkistId,ColorId,HatId
76561199027567424,Hydro,45.3733,40000000,3001,14000000
76561198021974488,[CTR] NathWalt,45.77405,6001,3000,14001
76561198290668879,Socks242,46.2404,61000000,3004,57000000
76561199024808939,Kernkob,46.50432,36000000,3002,6200
76561199173536675,[CTR]OwlPlague,47.03732,41000,3001,60000000
76561198008859132,Lazy_Echidna,47.53163,41000,3004,6500
76561198067925412,AndMe14,48.24518,15000,3000,5002
76561198115857790,Andrei,51.46434,2006,1005,27000000
