SteamId,Username,Time,ZeepkistId,ColorId,HatId
76561199027567424,Hydro,69.31214,40000000,3001,14000000
76561198021974488,[CTR] NathWalt,70.57331,6001,3000,14001
76561199024808939,Kernkob,70.93039,36000000,3002,6200
76561198290668879,Socks242,73.60957,61000000,3004,57000000
76561199173536675,[CTR]OwlPlague,73.63562,41000,3001,60000000
76561198008859132,Lazy_Echidna,73.67592,41000,3004,6500
76561198000962040,Chiquillo,77.23599,12000000,1004,23011
76561198024214204,Despacito,77.63364,6010,3003,13000
76561198974231691,agix,78.05975,27000,4004,23001
