SteamId,Username,Time,ZeepkistId,ColorId,HatId
76561199230094250,[RTR]Fwogiie.Kawaii,40.09659,3009,1008,10001
76561199005549942,3rdseyeview,40.61971,11000,1006,29000
76561198965056659,zivecef,41.28373,3005,3003,23012
76561199180150756,GearworkDragon,41.36919,9000,1000,30003
76561198003528539,Orange Sheets,43.12469,23000,1002,28000
76561198849467649,robertsns,50.64007,3000,1000,23011
