SteamId,Username,Time,ZeepkistId,ColorId,HatId
76561199230094250,[RTR]Fwogiie.Kawaii,53.45271,3009,1008,10001
76561199137807850,CDAW,55.27579,39002,1003,2022
76561198003528539,Orange Sheets,57.3659,23000,1002,28000
76561198111798230,engineer_cat,67.09483,26000000,1000,2019
