SteamId,Username,Time,ZeepkistId,ColorId,HatId
76561199230094250,[RTR]Fwogiie.Kawaii,57.03475,3009,1008,10001
76561199135775747,Renergy,58.89646,37004,2000,2002
76561199137807850,CDAW,59.27987,39002,1003,2022
76561198965056659,zivecef,59.34661,3005,3003,23012
76561198003528539,Orange Sheets,61.34311,23000,1002,28000
76561198849467649,robertsns,66.80594,3000,1000,23011
