SteamId,Username,Time,ZeepkistId,ColorId,HatId
76561199137807850,CDAW,33.00298,39002,1003,2022
76561199230094250,[RTR]Fwogiie.Kawaii,33.15164,3009,1008,10001
76561199005549942,3rdseyeview,40.00506,11000,1006,29000
76561198072912743,Lynhardt,42.089,6000,1005,22004
76561198003528539,Orange Sheets,48.24433,23000,1002,28000
76561198849467649,robertsns,53.13015,3000,1000,23011
