SteamId,Username,Time,ZeepkistId,ColorId,HatId
76561199230094250,[RTR]Fwogiie.Kawaii,43.28237,3009,1008,10001
76561199005549942,3rdseyeview,44.94057,11000,1006,29000
76561198965056659,zivecef,45.5788,3005,3003,23012
76561199180150756,GearworkDragon,46.0092,9000,1000,30003
76561199137807850,CDAW,46.2716,39002,1003,2022
76561198003528539,Orange Sheets,48.39454,23000,1002,28000
