SteamId,Username,Time,ZeepkistId,ColorId,HatId
76561199230094250,[RTR]Fwogiie.Kawaii,45.84595,3009,1008,10001
76561199135775747,Renergy,47.28516,37004,2000,2002
76561199137807850,CDAW,48.87474,39002,1003,2022
76561198965056659,zivecef,51.84856,3005,3003,23012
