SteamId,Username,Time,ZeepkistId,ColorId,HatId
76561199230094250,[RTR]Fwogiie.Kawaii,41.63786,3009,1008,10001
76561199005549942,3rdseyeview,42.85365,11000,1006,29000
76561198965056659,zivecef,44.35859,3005,3003,23012
76561198155560837,byte_sized,44.4521,15001,4000,5005
76561199180150756,GearworkDragon,45.07516,9000,1000,30003
76561198003528539,Orange Sheets,45.64353,23000,1002,28000
