SteamId,Username,Time,ZeepkistId,ColorId,HatId
76561199230094250,[RTR]Fwogiie.Kawaii,34.72083,3009,1008,10001
76561199135775747,Renergy,35.04694,37004,2000,2002
76561199137807850,CDAW,35.43821,39002,1003,2022
76561198003528539,Orange Sheets,36.06898,23000,1002,28000
76561198965056659,zivecef,39.58587,3005,3003,23012
