SteamId,Username,Time,ZeepkistId, ColorId, HatId
76561198161379363,[CTR]Cbad Cruiser,40.0787,22000,3002,18000000
76561198081356099,[CTR] Sandals,40.12527,40000000,3006,28000
76561198104372256,Jakie Cash,40.37219,3001,3003,60000000
76561199173536675,[CTR]OwlPlague,40.52019,40000000,3001,60000000
76561198021974488,[CTR] NathWalt,40.5758,6001,3000,14001
76561197965640463,L3it3R,41.8603,32000000,2001,29000000
76561199247569114,MaxVerstappen9768,42.72374,49000004,3006,2023
76561198061460580,Happydr,43.85328,49000006,1005,6003
