SteamId,Username,Time,ZeepkistId,ColorId,HatId
76561199230094250,[RTR]Fwogiie.Kawaii,42.88802,3009,1008,57000000
76561198008859132,Lazy_Echidna,44.00166,26005,3004,22001
76561198003528539,Orange Sheets,46.27693,23000,1002,28000
76561199247569114,MaxVerstappen9768,47.01652,36000000,3006,19000
76561199498272376,Butter,47.23367,3007,3000,27000000
