SteamId,Username,Time,ZeepkistId,ColorId,HatId
76561199230094250,[RTR]Fwogiie.Kawaii,36.10835,3009,1008,57000000
76561198008859132,Lazy_Echidna,36.95308,26005,3004,22001
76561198121972938,Draug,37.11119,49000010,2000,6500
76561199122090018,birthdayBoy64,37.53905,3004,1000,4000
76561198003528539,Orange Sheets,37.67531,23000,1002,28000
76561198027169155,DeiRex,37.83532,38001,3004,22000
76561199128560669,GrahamPlayz8,37.93367,22002,3002,24002
76561199498272376,Butter,38.08168,3007,3000,27000000
76561199008204406,Jplayz,39.69776,13004,1000,24004
