SteamId,Username,Time,ZeepkistId,ColorId,HatId
76561199230094250,[RTR]Fwogiie.Kawaii,42.55553,3009,1008,57000000
76561198008859132,Lazy_Echidna,43.27299,26005,3004,22001
76561199247569114,MaxVerstappen9768,43.75101,36000000,3006,19000
76561199498272376,Butter,43.75254,3007,3000,27000000
76561198027169155,DeiRex,44.75869,38001,3004,22000
76561198003528539,Orange Sheets,45.80721,23000,1002,28000
76561199122090018,birthdayBoy64,47.32918,3004,1000,4000
