SteamId,Username,Time,ZeepkistId,ColorId,HatId
76561199230094250,[RTR]Fwogiie.Kawaii,36.84662,3009,1008,57000000
76561199498272376,Butter,38.73362,3007,3000,27000000
76561198008859132,Lazy_Echidna,38.84563,26005,3004,22001
76561198027169155,DeiRex,39.94508,38001,3004,22000
76561198003528539,Orange Sheets,40.86211,23000,1002,28000
76561199122090018,birthdayBoy64,42.60297,3004,1000,4000
76561199247569114,MaxVerstappen9768,43.19474,36000000,3006,19000
