SteamId,Username,Time,ZeepkistId,ColorId,HatId
76561199230094250,[RTR]Fwogiie.Kawaii,37.75786,3009,1008,57000000
76561198008859132,Lazy_Echidna,38.4894,26005,3004,22001
76561199498272376,Butter,38.89954,3007,3000,27000000
76561198027169155,DeiRex,39.0854,38001,3004,22000
76561198121972938,Draug,39.33404,49000010,2000,6500
76561199122090018,birthdayBoy64,40.12313,3004,1000,4000
76561198003528539,Orange Sheets,41.09647,23000,1002,28000
