SteamId,Username,Time,ZeepkistId,ColorId,HatId
76561198008859132,Lazy_Echidna,32.68927,26005,3004,22001
76561198027169155,DeiRex,32.91925,38001,3004,22000
76561198121972938,Draug,33.09925,49000010,2000,6500
76561199498272376,Butter,33.14027,3007,3000,27000000
76561199247569114,MaxVerstappen9768,33.1919,36000000,3006,19000
76561199122090018,birthdayBoy64,33.26269,3004,1000,4000
76561198003528539,Orange Sheets,33.35389,23000,1002,28000
76561198199830705,Hidef09,33.55852,13003,1006,2019
76561199282497311,groovy,35.38689,1014,1001,23011
