SteamId,Username,Time,ZeepkistId,ColorId,HatId
76561199230094250,[RTR]Fwogiie.Kawaii,46.54317,3009,1008,57000000
76561198008859132,Lazy_Echidna,47.85411,26005,3004,22001
76561199498272376,Butter,48.34256,3007,3000,27000000
76561198027169155,DeiRex,49.2529,38001,3004,22000
76561198199830705,Hidef09,50.22709,13003,1006,2019
76561198121972938,Draug,50.92253,49000010,2000,6500
76561199247569114,MaxVerstappen9768,51.68102,36000000,3006,19000
76561199122090018,birthdayBoy64,52.73219,3004,1000,4000
76561198003528539,Orange Sheets,53.41111,23000,1002,28000
