SteamId,Username,Time,ZeepkistId,ColorId,HatId
76561198008859132,Lazy_Echidna,32.46646,26005,3004,22001
76561199498272376,Butter,32.74082,3007,3000,27000000
76561198027169155,DeiRex,33.0132,38001,3004,22000
76561198121972938,Draug,33.23128,49000010,2000,6500
76561198122894680,Waaksaam,33.9356,13000,2002,2002
76561198003528539,Orange Sheets,34.29565,23000,1002,28000
76561199122090018,birthdayBoy64,35.22032,3004,1000,4000
