SteamId,Username,Time,ZeepkistId,ColorId,HatId
76561199230094250,[RTR]Fwogiie.Kawaii,33.33317,3009,1008,57000000
76561199135775747,Renergy,33.62672,37004,2000,2002
76561198008859132,Lazy_Echidna,33.62779,26005,3004,22001
76561199498272376,Butter,34.09998,3007,3000,27000000
76561198121972938,Draug,34.8765,49000010,2000,6500
76561198027169155,DeiRex,35.0308,38001,3004,22000
76561198003528539,Orange Sheets,35.43103,23000,1002,28000
76561199122090018,birthdayBoy64,35.54774,3004,1000,4000
