SteamId,Username,Time,ZeepkistId,ColorId,HatId
76561198106476018,[CTR]jandje,46.18206,61000000,3001,59000000
76561199230094250,[RTR]Fwogiie.Kawaii,46.88778,3009,1008,31005
76561199135775747,[TOOB]Renergy,48.67451,37004,3004,18000000
76561198008859132,[TOG]Lazy_Echidna,49.01506,26005,3004,22001
76561198314320065,DeeDeeNaNaNa,53.16406,49000002,4000,11000
76561198171003110,[           ],54.60226,26000000,4001,22000
76561199112560691,BaasBallas,54.61565,1006,1007,22006
76561198107216213,13Silvers,55.02462,12000000,3003,29000
76561198003528539,Orange Sheets,55.18151,23000,1002,28000
