SteamId,Username,Time,ZeepkistId,ColorId,HatId
76561198106476018,[CTR]jandje,49.56866,61000000,3001,59000000
76561199135775747,[TOOB]Renergy,50.4495,37004,3004,18000000
76561199230094250,[RTR]Fwogiie.Kawaii,51.30305,3009,1008,31005
76561198008859132,[TOG]Lazy_Echidna,51.43068,26005,3004,22001
76561198003528539,Orange Sheets,55.19887,23000,1002,28000
76561198314320065,DeeDeeNaNaNa,57.16093,49000002,4000,11000
76561198171003110,[           ],57.39616,26000000,4001,22000
