SteamId,Username,Time,ZeepkistId,ColorId,HatId
76561199230094250,[RTR]Fwogiie.Kawaii,38.82136,3009,1008,31005
76561198106476018,[CTR]jandje,39.08152,61000000,3001,59000000
76561198008859132,[TOG]Lazy_Echidna,40.13347,26005,3004,22001
76561199135775747,[TOOB]Renergy,40.28383,37004,3004,18000000
76561198003528539,Orange Sheets,41.06726,23000,1002,28000
76561198314320065,DeeDeeNaNaNa,41.57914,49000002,4000,11000
76561198107216213,13Silvers,41.75827,12000000,3003,29000
76561198171003110,[           ],41.8979,26000000,4001,22000
76561199112560691,BaasBallas,41.95533,1006,1007,22006
