SteamId,Username,Time,ZeepkistId,ColorId,HatId
76561199135775747,[TOOB]Renergy,44.51451,37004,3004,18000000
76561198106476018,[CTR]jandje,45.06026,61000000,3001,59000000
76561199230094250,[RTR]Fwogiie.Kawaii,46.5025,3009,1008,31005
76561198008859132,[TOG]Lazy_Echidna,47.86002,26005,3004,22001
76561199112560691,BaasBallas,51.29234,1006,1007,22006
76561198003528539,Orange Sheets,51.3941,23000,1002,28000
76561198314320065,DeeDeeNaNaNa,51.41316,49000002,4000,11000
76561198107216213,13Silvers,51.55317,12000000,3003,29000
76561198171003110,[           ],51.9446,26000000,4001,22000
