SteamId,Username,Time,ZeepkistId,ColorId,HatId
76561198106476018,[CTR]jandje,48.29006,61000000,3001,59000000
76561199230094250,[RTR]Fwogiie.Kawaii,49.02739,3009,1008,31005
76561198008859132,[TOG]Lazy_Echidna,49.45057,26005,3004,22001
76561199135775747,[TOOB]Renergy,50.02105,37004,3004,18000000
76561198003528539,Orange Sheets,51.28192,23000,1002,28000
76561198314320065,DeeDeeNaNaNa,51.46121,49000002,4000,11000
76561198107216213,13Silvers,52.12864,12000000,3003,29000
76561198171003110,[           ],52.44399,26000000,4001,22000
76561199366940380,Clowny,53.0286,45000,1006,32001
