SteamId,Username,Time,ZeepkistId, ColorId, HatId
76561198081356099,[CTR] Sandals,29.51699,40000000,3006,28000
76561199173536675,[CTR]OwlPlague,30.06676,40000000,3001,18000001
76561198021974488,[CTR] NathWalt,30.17057,6001,3000,14000
76561198082304391,[CTR]TheBamboozler,30.5515,40000000,3002,18000001
76561198047403251,St Nicholas,30.55511,6004,3004,12000
76561198020002661,RadiationMutt,30.62006,3005,1004,11000
76561198059628222,[CTR]zedShep,32.45032,49000010,1006,2019
