SteamId,Username,Time,ZeepkistId,ColorId,HatId
76561198003528539,Orange Sheets,56.05031,23000,1002,28000
76561199247569114,[CTR] MaxVerstappen9768,56.32723,36000000,3006,2008
76561198171003110,[           ],56.42604,26000000,4001,22000
76561198076411436,[ATH] Stony⁧⁧Baboon,57.40204,12000000,1002,15001
76561197991048607,Spykir,64.52066,5000,1000,10000
