SteamId,Username,Time,ZeepkistId,ColorId,HatId
76561198003528539,Orange Sheets,63.96896,23000,1002,28000
76561199247569114,[CTR] MaxVerstappen9768,64.9591,36000000,3006,2008
76561198171003110,[           ],67.65449,26000000,4001,22000
