SteamId,Username,Time,ZeepkistId,ColorId,HatId
76561198003528539,Orange Sheets,56.46587,23000,1002,28000
76561198076411436,[ATH] Stony⁧⁧Baboon,60.26142,12000000,1002,15001
