SteamId,Username,Time,ZeepkistId,ColorId,HatId
76561198003528539,Orange Sheets,48.36871,23000,1002,28000
76561198171003110,[           ],50.26098,26000000,4001,22000
76561199247569114,[CTR] MaxVerstappen9768,50.59449,36000000,3006,2008
76561198076411436,[ATH] Stony⁧⁧Baboon,52.72533,12000000,1002,15001
