SteamId,Username,Time,ZeepkistId,ColorId,HatId
76561198076411436,[ATH] Stony⁧⁧Baboon,62.36826,12000000,1002,15001
76561199247569114,[CTR] MaxVerstappen9768,62.75248,36000000,3006,2008
76561198003528539,Orange Sheets,62.83712,23000,1002,28000
76561198171003110,[           ],63.61074,26000000,4001,22000
76561199029770481,UniversalBee,66.80036,4000,1005,2000
