SteamId,Username,Time,ZeepkistId,ColorId,HatId
76561198008859132,Lazy_Echidna,46.29251,26005,3004,22001
76561198072912743,Lynhardt,47.29538,6000,1006,22004
76561198003528539,Orange Sheets,47.74896,23000,1002,28000
76561198171003110,[           ],47.903,26000000,4001,22000
76561198416322737,BOMBO,49.19707,1100,1002,6200
76561199282497311,groovy,75.94354,1014,1001,23011
