SteamId,Username,Time,ZeepkistId,ColorId,HatId
76561198008859132,Lazy_Echidna,43.64646,26005,3004,22001
76561199366940380,Clowny,44.31286,45000,1006,2021
76561198003528539,Orange Sheets,44.37486,23000,1002,28000
76561198171003110,[           ],44.48708,26000000,4001,22000
76561199247569114,[CTRL] MaxVerstappen9768,44.81363,36000000,3006,23010
76561198072912743,Lynhardt,44.88209,6000,1006,22004
76561198416322737,BOMBO,45.2008,1100,1002,6200
76561198727675143,jemvisser,46.04874,49000002,1002,49000002
