SteamId,Username,Time,ZeepkistId,ColorId,HatId
76561199247569114,[CTRL] MaxVerstappen9768,49.37873,36000000,3006,23010
76561198008859132,Lazy_Echidna,49.45752,26005,3004,22001
76561198072912743,Lynhardt,49.56393,6000,1006,22004
76561198003528539,Orange Sheets,50.52038,23000,1002,28000
76561198171003110,[           ],51.27699,26000000,4001,22000
76561198727675143,jemvisser,52.00106,49000002,1002,49000002
76561198416322737,BOMBO,53.84411,1100,1002,6200
76561198119497162,Unknown,55.0754,1000,1000,1000
