SteamId,Username,Time,ZeepkistId,ColorId,HatId
76561198072912743,Lynhardt,52.40916,6000,1006,22004
76561198008859132,Lazy_Echidna,52.4399,26005,3004,22001
76561198003528539,Orange Sheets,54.89781,23000,1002,28000
76561198171003110,[           ],55.0335,26000000,4001,22000
76561198416322737,BOMBO,55.46174,1100,1002,6200
