SteamId,Username,Time,ZeepkistId,ColorId,HatId
76561198008859132,Lazy_Echidna,45.11977,26005,3004,22001
76561198003528539,Orange Sheets,45.84388,23000,1002,28000
76561198171003110,[           ],46.17553,26000000,4001,22000
76561198072912743,Lynhardt,46.26602,6000,1006,22004
76561198119497162,Unknown,47.9809,1000,1000,1000
