SteamId,Username,Time,ZeepkistId,ColorId,HatId
76561198008859132,Lazy_Echidna,34.72568,26005,3004,22001
76561198072912743,Lynhardt,36.1451,6000,1006,22004
76561198838593572,invisiblecat8,36.4804,13005,1002,24005
76561198003528539,Orange Sheets,36.88162,23000,1002,28000
