SteamId,Username,Time,ZeepkistId,ColorId,HatId
76561198008859132,Lazy_Echidna,35.69078,26005,3004,22001
76561198072912743,Lynhardt,36.11642,6000,1006,22004
76561198416322737,BOMBO,36.6865,1100,1002,6200
76561198171003110,[           ],38.48718,26000000,4001,22000
76561198003528539,Orange Sheets,38.88264,23000,1002,28000
76561199037764026,laurin,38.98752,1000,1000,1000
