SteamId,Username,Time,ZeepkistId,ColorId,HatId
76561198052077385,schmxrg,40.71978,,,
76561199024808939,Kernkob,40.75868,,,
76561198021974488,[CTR] NathWalt,40.92786,,,
76561198205579857,Linzi,40.99646,,,
76561198290668879,Socks242,41.23047,,,
76561199173536675,[CTR]OwlPlague,41.76351,,,
76561199007234384,LightnesserA,42.51662,,,
76561197965640463,L3it3R,42.63732,,,
76561198210248213,CodeingerCat,42.71363,,,
76561198314320065,DeeDeeNaNaNa,42.90137,,,
