SteamId,Username,Time,ZeepkistId,ColorId,HatId
76561198008859132,Lazy_Echidna,57.26558,26005,3004,22001
76561198072912743,Lynhardt,58.26429,6000,1006,22004
76561198416322737,BOMBO,60.51736,1100,1002,6200
76561198003528539,Orange Sheets,60.75196,23000,1002,28000
76561198171003110,[           ],61.11129,26000000,4001,22000
76561199282497311,groovy,89.85806,1014,1001,23011
